"coffee","hours","age","enjoy","p","asleep"
1,4.15357898396195,20,1,0.816504462901118,1
0,2.79297975908073,24,1,0.882263374753875,1
1,6.63013058612548,19,0,0.460020239157489,1
1,4.78063599600649,23,1,0.0250558710592502,0
1,10.3299532972416,23,1,3.88914238818039e-07,0
1,5.78817089768531,23,0,0.0246903677213473,0
1,6.28659252024111,24,0,0.00253965274056463,0
0,7.13907405518313,18,1,0.754332061367126,1
0,3.20634816251008,18,0,0.99998308518326,1
1,5.69612324140692,23,0,0.0295336487134461,0
1,3.40195930035018,17,1,0.998989280302513,1
1,4.39478548056164,18,0,0.996353844149965,1
1,7.10019483298219,19,0,0.249666889860243,0
0,5.93955673641572,24,1,0.0136656033176412,0
1,6.5247355948374,24,1,0.000213967766025828,0
0,6.9976910585382,19,1,0.526130641968899,1
1,7.12723195252799,20,1,0.0114929280240748,0
1,4.36904450630647,23,1,0.0553002871031106,0
0,5.79486261343806,23,1,0.0635823762711174,0
1,5.33398818639284,25,1,0.000630745996426149,0
1,6.53692712891942,24,0,0.00154088810944319,0
0,6.73353313923168,20,1,0.339154061052054,0
1,6.94388573773099,25,1,2.52219301533258e-05,0
1,5.46036712029429,18,1,0.81446165238805,1
0,6.05409989021503,24,1,0.0108981982770871,0
1,6.29157966566993,23,1,0.00125025172832222,0
1,7.02233188253897,21,1,0.00389304206641345,0
1,5.44962831159704,19,1,0.550017988567201,1
1,5.52220585648441,20,1,0.223668996912865,0
1,3.70287360228975,19,1,0.97573729045246,1
0,5.76140076136035,17,0,0.999236778288607,1
0,7.08533359646174,20,1,0.20251207276428,1
1,5.23663933548922,20,1,0.337763080709038,0
0,5.5333878766379,23,1,0.102773965443963,0
1,8.74836748690331,23,1,9.19597959625826e-06,0
1,6.83903436810091,20,0,0.132610860010954,0
1,5.59398405768048,18,0,0.961284556209776,1
0,7.54108276771687,21,1,0.0270626396711009,0
1,6.71993865312756,24,0,0.00106909052490791,0
1,5.93011987966656,24,1,0.000702445702283989,0
1,8.76570194531648,23,1,8.88263089124538e-06,0
1,5.75598157672251,21,1,0.0468883346245787,0
1,6.12838519842113,19,0,0.699144971465886,1
1,8.48349159416993,18,1,0.0102824281462457,0
0,8.10789243028963,21,1,0.00887339452902234,0
1,8.72098839324286,21,1,0.000130765154127003,0
0,5.1000932936863,22,0,0.880777486108659,1
1,3.02664245587359,25,1,0.0599013985638725,0
0,3.84771782266837,20,1,0.993967628094935,1
1,6.74036224328972,17,1,0.554600280381715,1
1,5.38741063736501,23,0,0.0534123653361441,0
0,5.95682741941343,24,1,0.0132077619074007,0
1,6.49057718808867,19,1,0.132256335775309,0
0,7.50503340094708,24,1,0.000604764308147942,0
0,7.81824499951457,21,1,0.0157275312407773,0
0,8.7540551098313,24,1,4.97669231778185e-05,0
0,4.58630216963962,25,1,0.0535245634863449,0
0,7.58084340262374,21,1,0.0250457399668054,0
0,6.88039289602107,19,1,0.583999632034761,0
0,5.0557100200582,17,1,0.998625898212279,1
0,6.14669712416909,19,1,0.858951148064432,1
1,6.08477764721616,18,0,0.902950336002793,1
1,5.18018462558842,24,1,0.0031400572437172,0
0,6.67451210159597,17,0,0.995278874723673,1
0,4.95617215018677,21,1,0.830286020747786,1
0,5.1138898382991,21,1,0.781122593735234,1
0,5.95168846159047,24,1,0.0133423896249854,0
0,5.62654339020584,22,1,0.258632794936519,1
0,4.66616468245006,21,0,0.984747932506058,1
1,7.81786693997885,22,0,0.00160066545337218,0
1,7.08769731954888,20,1,0.0124268067597129,0
0,5.57113485703693,25,1,0.00782737647910843,0
0,6.69524293297022,23,1,0.0110908078500648,0
1,4.43057085391876,18,1,0.971773412020187,1
0,6.81739750956285,21,1,0.10576064313816,0
1,6.74901415264534,22,1,0.00183654985986787,0
1,7.60709104281662,17,1,0.180319835089358,0
1,6.61820152937292,18,1,0.302292881763337,0
0,3.98870826509267,24,0,0.835151113769246,1
0,6.07210943725651,23,1,0.0375351804983234,0
1,6.88408071821781,17,1,0.482966235260026,1
0,4.24473795926893,20,1,0.98675137169145,0
0,6.31863317783358,20,1,0.540593865893485,0
1,5.60044690326239,24,0,0.00994299925879632,0
0,6.95077393649868,17,1,0.942592122626434,1
0,6.26179634787403,24,1,0.00722044040729581,0
0,3.95189831727038,22,1,0.908562114860172,0
1,6.03060041067104,18,1,0.583898799617051,1
0,7.04213344433819,20,0,0.671666727999504,1
0,2.67768441287424,19,1,0.999840711012805,1
0,5.31501611476611,24,1,0.0460874100979998,0
0,4.29328344217433,21,1,0.948506502905407,1
1,7.04111975022709,17,1,0.405586870542271,1
0,6.92703100168304,21,0,0.412397743651531,0
1,7.34148932136298,23,0,0.00113161337748712,0
1,8.18635104733616,21,1,0.000380858354254958,0
1,5.70579648534042,24,1,0.001099727009858,0
0,5.7426922585527,19,1,0.931796304442676,1
1,7.35681292801762,22,1,0.000545301717451509,0
1,5.42574144812652,20,1,0.25894044572145,0
0,3.87238217348455,24,0,0.864740657511583,1
0,6.27503137120142,23,1,0.0253311541030138,0
0,5.39571875302476,23,1,0.131080652786159,1
1,5.13893562445698,17,0,0.995601698142058,1
0,5.82716032371072,19,1,0.920244915542737,1
0,4.28178777763538,21,1,0.949617933721824,1
0,6.09970061574619,18,0,0.994516967133768,1
0,5.49951185680347,19,0,0.993946075925038,1
1,7.2314983778528,18,1,0.112745704207596,0
0,6.02819215352822,21,1,0.364384473344014,1
0,5.40421778989662,18,1,0.989964739852015,1
1,6.29752078810602,24,1,0.000337016506020888,0
1,4.1846700829607,20,1,0.807004104739777,1
0,7.20158246276889,21,1,0.0519973310873992,0
1,6.08608085336988,21,1,0.0247912276504372,0
1,7.04375809488544,19,1,0.0479930471058357,0
1,5.9213171603661,19,1,0.322428359148957,0
1,6.1161272048849,21,1,0.0233791383939063,0
0,6.52170478941926,24,1,0.00430609005335726,0
1,4.84487121479447,21,1,0.233305005199544,0
0,7.88392025306392,24,1,0.000283549429424034,0
1,6.26716361341727,18,0,0.865956786817129,1
1,5.92704404203628,20,1,0.113639954427807,0
1,5.16818270805392,24,1,0.00321609722621653,0
0,6.9331152983847,19,1,0.558177650135742,1
1,5.91614962156288,19,1,0.324690377270681,0
1,6.17215847467918,19,0,0.680415744469604,0
0,6.04512960992032,21,1,0.356575379447886,0
1,6.36614842526712,19,1,0.163515958626814,1
0,7.19506173127597,20,1,0.169366527327165,0
0,4.64445990119633,18,0,0.999699895660964,1
0,5.72229051573298,22,1,0.223639597625381,0
1,8.31133119993102,18,1,0.0144477649652889,0
0,7.89922312037628,21,1,0.0134074549500765,0
1,5.52608393064858,18,0,0.966033774667458,1
1,5.20289145221382,24,1,0.00300106371837735,0
0,6.64467881457279,18,1,0.891933265872759,1
0,6.31933016222242,24,0,0.0457095721577869,0
0,5.83372374721816,23,1,0.0591088113058843,1
1,4.37442875645155,23,0,0.299672575171826,0
1,8.12465624957066,25,1,2.37784753395802e-06,0
1,7.26806649367313,22,1,0.000651141005801478,0
1,7.40930131890357,21,0,0.0131434307512253,0
1,5.5327965471026,18,1,0.791568654390804,1
0,4.67982442501797,21,0,0.984332128426571,1
1,7.73617791516798,22,1,0.000255417453087704,0
1,5.79776904112512,20,1,0.14239507965452,0
0,7.20459104763154,22,0,0.0989289589452501,0
0,7.1560193947494,18,1,0.747997609870392,0
1,6.18865208904275,19,0,0.673200378971333,1
0,4.93575938605743,17,1,0.998918669599183,1
1,4.39213028043443,24,1,0.0150048895248039,0
1,9.01239333951739,19,1,0.0009821472528063,0
0,6.06594160070402,24,1,0.0106458395753691,0
0,6.3780861626641,25,0,0.0114735351231884,0
1,3.64532333819274,18,1,0.993996274847072,1
0,4.51130800796435,18,0,0.999770042021635,1
0,7.66513466879641,22,1,0.00588018602899286,0
1,4.23268897267028,23,1,0.0714001499024083,0
0,8.45046195806425,21,1,0.0044921395526505,0
1,4.22081797153259,20,1,0.795493685454486,1
1,6.7071225350306,19,1,0.0899500419608215,0
1,4.39056078108338,18,0,0.99638441126823,1
1,8.44027204534109,20,1,0.000840608055631436,0
1,4.12044690649481,25,0,0.050168664291071,0
1,5.8006223830761,22,1,0.0121135300761688,0
1,4.77060479365064,24,1,0.00709524721458505,0
1,6.40612649237834,20,1,0.0468753838166744,0
1,6.35714168752396,24,1,0.000299144876636715,0
0,5.58992498867173,22,1,0.272921552447341,0
0,5.50032212261624,23,1,0.109034219737984,1
0,4.14238354822548,22,1,0.871605896797799,1
0,7.25244299600734,17,0,0.985154680112201,1
1,6.79791610774742,22,0,0.0121784722815956,0
0,5.52087923681811,21,1,0.612596934502369,0
0,3.65084194256713,22,0,0.992596093894398,1
0,7.76206997631157,24,1,0.000361770043072292,0
1,6.57938421594921,20,0,0.2044405372791,1
1,6.21423322891141,21,1,0.0192942288765842,0
0,6.03897109564146,19,1,0.883093623341674,1
0,5.12105321218843,20,1,0.928102025557904,1
1,7.47686454693647,22,1,0.000428955170969285,0
1,8.82013176572299,22,1,2.92306493902036e-05,0
0,4.58427492334949,23,1,0.433263140134784,0
1,4.56645607328721,23,1,0.0379457933442506,0
1,7.69342702569067,21,1,0.00102007956321121,0
0,2.38817683659093,17,1,0.999993368323756,1
1,6.44370502881332,22,1,0.00337691507031216,0
1,5.70938527809085,23,1,0.0039947538731011,0
0,5.7415969262586,19,1,0.931935393829094,1
0,8.12329348368814,22,0,0.0171815721602079,0
0,3.56949203292592,24,1,0.613255156269326,0
0,5.67488449911785,19,1,0.939926394612467,1
1,4.21801286603022,19,0,0.990659159187023,1
1,7.88664039669198,22,1,0.000189055512940432,0
0,3.22071729263878,22,1,0.977214134960228,1
1,5.24956063823917,18,1,0.869990947471289,1
0,6.30738428702206,20,1,0.546175904697796,0
1,7.42981353237867,19,0,0.146837053458873,1
1,6.72966752774585,24,1,0.000142029312602002,0
1,8.99471510704304,23,0,4.15143366356956e-05,0
0,8.62716466595622,20,1,0.0114944569886232,0
1,5.92475792563823,24,0,0.00522264042018244,0
0,6.57472138823378,19,0,0.950289817774141,1
0,4.30566951784671,19,1,0.995883639256202,1
0,5.95421344326996,20,1,0.709214701251769,0
0,7.20153061096709,18,1,0.730456280319193,1
1,5.53092316704124,19,0,0.884745128780033,1
0,6.60732448506135,19,1,0.707929857475549,1
0,5.73839208123376,23,1,0.0706475802213763,0
0,5.99304845386365,24,0,0.0842390392627139,0
0,5.30709572686757,18,1,0.991721730014884,1
0,5.32996031640722,22,1,0.387004652132039,1
0,5.8896158179476,23,1,0.0531898184408256,0
0,6.56671334205351,19,1,0.724435960340347,1
0,7.29734051717121,25,1,0.000249779795727754,0
0,4.48785396113849,21,1,0.925827335674252,0
1,8.18516198905558,21,1,0.000381764811443746,0
1,7.58225666695499,25,1,7.03565075220665e-06,0
0,5.96432952509439,21,1,0.394446583419849,0
0,5.62099071441352,21,1,0.564149150479239,1
0,7.26441616765565,17,1,0.89763031324935,1
1,5.68838125190316,24,1,0.00113866151720955,0
1,4.82776702161463,23,1,0.0228534613205383,0
1,5.17947337734059,24,1,0.00314451308694105,0
0,3.88623238919541,24,0,0.861467839691462,0
1,3.20565527159657,24,1,0.140479809320816,0
0,8.74641630054991,19,1,0.0325202160557329,0
0,6.34980456322955,21,1,0.231544758029043,1
0,5.32468619770771,25,0,0.0871156707238102,0
1,5.97954522265832,18,1,0.608475738066759,1
0,5.80337120514413,23,1,0.0625766722257409,0
1,6.11470075995779,18,0,0.897577998961178,1
1,7.01257326549563,19,1,0.0509243877837174,0
1,6.50273617886189,19,1,0.12949036420502,0
1,6.45233950712501,18,1,0.376441714773431,1
1,3.53055720672423,23,0,0.698230455751692,1
0,5.9250128592157,18,0,0.996127497351582,1
0,5.38730351760053,19,0,0.995157129232292,1
0,6.82515068761506,17,1,0.954769513504564,1
1,4.75103319950155,20,0,0.908705756057948,1
1,4.95372800618279,19,1,0.767195745607985,1
1,5.35526920918364,18,1,0.844153339499455,0
0,5.45597992089271,21,1,0.642915340744501,1
1,5.14852021465192,18,1,0.891190500790402,1
0,7.81413243735774,22,1,0.00437151358680563,0
0,10.0218056168222,21,0,0.00143721296695455,0
0,8.47107332060773,22,1,0.00117872013960493,0
1,5.48608530951849,24,1,0.00170553299832133,0
1,5.23728691571116,20,0,0.790083062997046,1
0,6.60029500212235,23,0,0.0910741089052472,0
1,6.1263721402657,23,0,0.0127078725875796,0
1,6.87883323340837,19,1,0.0655180602585298,0
0,5.02659829642511,25,0,0.147644467686883,0
1,7.33321831813857,24,1,4.24799177559698e-05,0
0,5.0944259989518,20,1,0.931575609057244,1
0,4.33972393380704,24,1,0.253610516810008,0
1,5.87984915303375,20,0,0.510074059973742,1
1,8.40170269585373,23,1,1.83951449970597e-05,0
1,4.79148170769387,21,1,0.252945627566227,0
1,4.65995979639368,20,1,0.617766861581851,0
1,4.28463133882597,21,1,0.482691249666188,1
0,5.89053258770244,19,1,0.910433119271023,1
1,7.00607286909671,21,0,0.0289686163885408,0
0,5.79206841451996,19,1,0.925246431967452,1
0,7.12229980494669,17,0,0.988517706367543,1
0,7.26018214118981,20,1,0.151824247736602,1
0,6.79836775219767,24,1,0.00248068815719272,0
0,9.24599405884941,20,1,0.00336154253381484,0
1,7.50184434645366,18,1,0.0689013993117317,0
0,8.43733310181239,21,0,0.0330966586319503,0
0,5.69117530631001,20,0,0.96825159221925,1
0,5.41138660025082,21,0,0.935669400170231,1
0,5.06822303459718,18,1,0.994849788260052,1
1,6.6356145480322,21,1,0.00839882561576761,0
0,7.08446205930469,21,1,0.0648321676423282,0
1,7.20362426009753,22,1,0.000740644770701805,0
1,7.22610169777567,18,1,0.113829929681677,0
1,5.2719032083176,22,1,0.034098567533341,0
0,6.89400906957656,23,1,0.00747997202884859,0
0,6.28577304643635,18,1,0.944194192013983,1
1,4.69319139394263,19,1,0.847304864873204,1
0,6.485031512665,20,1,0.457586416228364,0
1,6.61020903986899,21,1,0.00883273953691701,0
1,6.08401390087623,20,1,0.0856434534673243,0
1,7.30626007399799,24,1,4.48330493392825e-05,0
1,5.51402175411388,22,1,0.0212890496756039,0
1,7.21694105530469,18,1,0.115691163145272,0
0,7.09848516562729,19,1,0.47577639591948,0
0,7.4204556070344,20,1,0.114973978956405,0
1,6.81801797783961,20,1,0.0211231560350032,0
0,7.34840495176294,18,0,0.937214622008163,1
0,7.131802189991,25,1,0.000347775912088601,0
0,5.18436909939453,21,0,0.958164002437387,1
1,6.56644768416057,25,1,5.36542956501636e-05,0
1,6.31122902361551,18,1,0.444613711151549,1
1,4.36704350579574,23,1,0.0555097327707507,0
1,6.29064084852076,24,1,0.000341684268202318,0
0,6.65596682966352,21,1,0.140404587872113,0
1,8.75211899278139,24,1,2.48747983856571e-06,0
0,4.93726025102875,21,0,0.974054763468053,1
1,5.67595436681041,20,0,0.610185319708615,0
0,6.60189824222845,17,1,0.970579554540485,1
1,6.86752430057275,21,0,0.0378678770710164,0
1,6.63462085091191,20,1,0.0302001827124958,0
0,7.39943366475562,19,0,0.786025547913979,1
1,7.49408452282324,24,1,3.0793718307557e-05,0
0,3.89123974005721,22,0,0.988079699840767,1
1,7.46416780639926,25,1,8.90992688231371e-06,0
0,6.7675557873716,21,1,0.115565440124147,0
1,5.03723954020914,17,0,0.99640826218714,1
1,6.32819009319238,21,0,0.103736522129472,1
1,5.56190293941609,22,1,0.0193826140285316,0
1,7.23245148331722,18,1,0.112555158809209,0
1,5.14154450594242,18,1,0.892536004498542,1
1,6.88796989651558,17,1,0.481024170099655,0
0,6.10190903866427,17,1,0.988971491707735,1
1,6.69337851785226,18,1,0.271553099488459,0
0,7.13826262244551,20,1,0.18595283430438,1
0,6.18006384524333,23,1,0.0304682610683901,1
0,7.22224435823224,19,1,0.414719527898874,0
0,5.13721980339856,22,1,0.481398687059164,1
0,4.9048640975645,21,1,0.844259901516569,0
1,9.07367067362836,20,1,0.000236969682957673,0
0,5.95727797704481,17,1,0.991718737025251,1
1,6.84555883106991,17,0,0.881726516661907,1
1,5.09210487915497,24,0,0.0270088667709564,0
0,5.43124920447249,23,0,0.509374299145601,1
0,5.06518635783584,20,0,0.990711325048561,1
0,5.64251406057225,23,0,0.404914750078646,1
1,7.16599310279369,21,1,0.0029236742114847,0
0,5.1683334683097,21,1,0.761937822199602,1
0,5.90102863689794,19,1,0.90870651307871,1
0,7.10328280613708,22,1,0.0178706097384872,0
0,6.80217652198929,24,0,0.017909484533703,0
1,3.41496959453672,21,0,0.97515792904276,1
0,6.82107385405611,20,1,0.301082644741791,0
1,3.47261102705843,18,1,0.99574237870732,1
0,6.62058753104251,22,1,0.0456000040116606,0
0,8.31234890183003,24,1,0.000120384689644493,0
0,7.15426029127253,20,1,0.181158146239567,0
0,4.56588672016016,22,0,0.955562928656782,1
1,5.6065761826294,18,1,0.766176792199761,1
1,7.08393406143171,22,1,0.000940772381124633,0
0,2.86761035578653,21,0,0.999575756774293,1
1,6.33468809874633,21,1,0.0152264720663049,0
1,3.17414003256327,23,1,0.38976977370758,0
1,6.03401798310708,22,0,0.0537564684303015,0
0,5.25394320659177,25,1,0.014659677150592,0
0,6.3601945134087,22,1,0.0744411369150225,0
0,6.34294522896534,23,1,0.0221852960618372,0
0,7.15629541365221,17,1,0.915862137346836,1
1,5.30880089151461,20,1,0.306272971794406,1
0,5.62446023336745,24,1,0.0253593715994984,0
0,9.02150903810138,20,1,0.00525650749163673,0
1,7.04659057024003,21,1,0.00370935455552018,0
0,4.92783608844517,21,1,0.838122965124654,1
1,6.79820993912035,23,1,0.000454244832669535,0
0,6.00803879647477,18,1,0.967198274895966,1
0,6.65840228023547,17,1,0.967175203455258,1
0,4.65284162158898,19,0,0.998881130247739,1
1,3.32436213657416,17,1,0.999134446745502,1
0,4.46118794427181,25,1,0.0677121562073233,0
1,5.32156299568412,22,1,0.0309745195287435,0
0,4.49723089220825,19,0,0.999180124802174,1
1,8.21937417941392,25,0,1.45377346873174e-05,0
1,5.47812039849616,17,1,0.939559923896314,1
0,5.89853728643942,23,1,0.052298366992115,0
1,5.10399785450069,19,1,0.709303614632251,0
0,5.08557663096825,22,1,0.50721118446665,1
1,6.26737049444767,23,1,0.00131219490286568,0
0,6.54622757992018,18,0,0.986712367232095,1
1,7.38282940444762,19,1,0.0249489325472666,0
0,5.05401413260678,21,1,0.800906832822218,1
1,7.13581950026789,18,0,0.532046260969477,0
0,4.19504849088757,24,1,0.31214784592878,0
1,6.40304127417688,20,0,0.267747201846988,0
0,6.247070478787,22,1,0.0916093682308003,0
1,5.7870538852538,24,1,0.000934926039575023,0
0,6.66753775984213,24,1,0.00322023496765496,0
0,7.17012517814214,24,1,0.00118095480729998,0
1,6.15583225026622,20,0,0.374803408883859,0
0,7.22398562885212,19,0,0.839165052262221,1
1,6.67013607051295,23,0,0.00431956290950506,0
1,5.27881013613269,17,1,0.958607409615914,1
1,7.00408997243413,17,1,0.423559055733044,1
1,6.96667520014277,17,0,0.854040521082842,0
1,5.23345177099272,23,1,0.0102832387149013,0
0,6.81419025689446,21,1,0.106368833029886,0
1,3.56072453459061,18,1,0.994926060727426,1
0,6.18179993438774,21,0,0.757018085812728,0
1,6.31239542605807,24,0,0.00241222434947058,0
1,6.15597656266054,23,1,0.00163912356150011,0
1,3.38477613687613,20,1,0.953930853089301,1
0,5.51424171381903,18,1,0.987525510025221,1
1,4.70367856060608,22,1,0.09909175993471,0
0,4.52956699773915,24,1,0.188599814083062,1
1,6.01977217349862,21,1,0.0282077756897438,0
1,6.52481699510635,20,1,0.0373400416174998,0
1,5.29642633186704,19,0,0.924641358345173,1
0,4.979680728378,21,1,0.823557531445286,0
1,2.67193182745659,22,1,0.864845971680042,0
0,6.09464101856547,24,1,0.0100579599802977,0
0,6.97531664888633,24,1,0.00174259932209375,0
0,5.83327645485321,25,1,0.00464849280281203,0
1,5.36577325727622,23,1,0.00791109504810857,0
0,7.18142412887522,17,1,0.911907546716589,1
1,3.59179660715342,17,1,0.998523210297261,1
1,5.59680772238066,21,1,0.06335114689338,0
1,5.59197559888713,22,0,0.120898267750106,0
1,6.03061659267765,17,1,0.83736706782998,0
1,7.53849756153234,19,0,0.121639524172759,0
0,5.28131677759075,19,0,0.996078557063141,1
1,6.77615237398805,21,0,0.0451180751656387,0
1,6.88526019782202,20,1,0.0185143661801113,0
0,6.01554936268217,21,1,0.370260664262853,0
0,5.73115016765263,19,0,0.990412863753393,1
0,6.96050376117258,20,1,0.245824446328666,1
1,5.96656187099519,23,1,0.0023922549527954,0
1,3.66425400299224,21,1,0.763414594768924,1
0,3.63970597148066,21,0,0.998015868831606,1
0,5.66493102156359,20,1,0.813078353891315,1
0,5.92105458970044,22,1,0.162178270469307,0
1,7.28943584658688,21,0,0.0166448138994732,0
0,4.74102673051396,19,1,0.990223474931529,1
0,6.49493675226944,20,0,0.859377161691332,1
0,6.27756266292088,21,1,0.25824211278471,0
0,4.74094150848272,21,1,0.882686160731243,1
0,7.94333502841608,18,1,0.380678330309033,1
0,5.56291419998906,23,1,0.097454948763094,0
0,3.78918370316824,18,0,0.999945738025246,1
0,4.09201904432698,18,1,0.999265776004567,1
0,5.71874675423136,24,1,0.0210930392887501,0
1,7.4973204800667,18,0,0.35557071248682,0
0,6.82352459389333,19,1,0.61134058650855,1
0,5.63949743553671,22,1,0.253696275102331,0
0,3.73364784073534,23,1,0.807322330234802,0
0,4.67588130768866,18,0,0.999680437280553,1
1,5.59767436444174,25,1,0.000372333302073854,0
1,5.33179279678241,24,1,0.00232064773031227,0
0,5.03609394777145,18,1,0.995168774121423,1
1,6.24858149173147,21,0,0.119501112503599,0
1,4.48292128829683,23,0,0.256194514806821,0
1,3.88601649422984,19,1,0.965375880739051,1
1,4.73003359224263,23,1,0.0276506159394391,0
0,5.10479245921559,19,1,0.979972439170428,1
0,6.53014115352753,21,1,0.173606141526819,1
0,4.5421733518124,20,1,0.976238801531623,1
0,3.96818556598877,21,1,0.972444982763225,1
1,6.305059867812,20,1,0.0567797679282389,1
1,3.42111131126625,22,1,0.588502293540816,1
1,7.2714422085764,20,1,0.00863820778038817,0
1,5.57626915190421,23,1,0.00520696113713466,0
0,5.70514271603406,19,1,0.936416989096039,1
0,6.54902942954676,21,0,0.599153950602105,0
1,5.74841704051687,22,0,0.0913855006836203,0
1,5.64767804400602,21,1,0.057575640643908,0
1,5.65557489889976,19,1,0.447407804086866,1
0,5.28059531876356,23,1,0.159602232762086,0
0,5.43227967102043,21,1,0.653722089185787,1
0,6.42261263237238,17,1,0.979260847993824,1
0,4.98321138250477,21,1,0.822529103627601,0
1,6.6773415489173,23,1,0.000578390301268625,0
0,8.45421867513341,19,0,0.308223586810252,0
0,8.05813150341947,22,1,0.00268800865978274,0
1,5.82862423061752,23,1,0.00314984109477251,0
0,3.94850034628397,19,0,0.999726243929293,1
0,4.99934983191877,22,1,0.550155831162295,0
0,4.58390792003612,20,0,0.996432030134895,1
1,5.04121060923135,17,1,0.973854346326986,1
1,7.17279613289385,24,1,5.85487500685456e-05,0
0,5.5457708786148,23,1,0.100512617675651,0
0,6.76690899575451,23,1,0.00962406384921884,0
0,5.79484909941656,23,1,0.0635839855305279,0
1,7.03723580057977,23,1,0.000281675934357532,0
1,7.41253036108769,20,0,0.0463064681510346,0
1,7.08544410304135,20,0,0.0854197243814163,0
1,5.61407483896554,20,1,0.193387149570124,0
0,8.41059175656003,21,1,0.0048632002157123,0
1,7.68783186257093,20,1,0.00377465789196442,0
1,5.30418657234911,24,1,0.00245205651552521,0
0,4.85036928571985,22,1,0.622285748480004,1
0,8.41934291758271,24,1,9.71958021010488e-05,0
0,5.64823028111435,17,1,0.995519541810289,1
0,6.76133317731984,18,1,0.867304563166035,1
0,5.24982489313006,18,1,0.992611027697936,1
0,5.58528061834719,18,1,0.985648407056366,1
1,5.59176732738205,19,0,0.871743755031233,1
0,5.14285976710829,17,1,0.998364680570201,1
1,4.40989224246539,23,0,0.28500180901491,1
0,6.14196536332509,22,0,0.479029627142394,0
1,5.69527037987698,25,0,0.00225906925509076,0
1,6.21052804080829,21,1,0.0194349483591464,0
1,4.88732496163502,19,1,0.790070442747315,1
0,4.42230738229692,23,0,0.886490636860989,1
1,5.91196208260325,19,0,0.781781056349987,0
1,7.89340909720464,22,1,0.000186513912143787,0
1,4.12417935563876,18,0,0.997874544202165,1
0,5.33371113803019,21,1,0.696899699959588,1
1,6.31717892950304,23,0,0.0087115324799405,0
0,8.18076532867538,24,1,0.000156620121991759,0
0,6.1033162710612,17,1,0.988940752394189,1
0,4.88664425439798,24,1,0.102174966384463,0
0,4.98758952671234,24,0,0.407290174956515,0
0,5.5047830904658,20,1,0.856980455768935,1
0,3.53343415835651,23,0,0.978816708823755,1
0,5.90669781480584,22,1,0.166117708648746,0
1,4.65987603106296,18,1,0.956070599075127,1
0,6.87190411943779,22,1,0.0280911283045288,0
1,5.53032591857892,19,1,0.50983577170094,1
1,5.63690173698073,21,1,0.0587563127523005,0
0,5.1603424709061,21,0,0.960048403060882,1
0,5.3295521792548,20,1,0.894814939110997,1
0,4.2130770272804,21,1,0.955800931454387,1
0,7.3134911769805,18,1,0.684173309370017,1
1,6.58981839339658,19,1,0.111091829107245,1
1,6.35734442957838,23,0,0.00804450606577274,0
0,4.34667140775365,22,1,0.818565273286788,0
0,7.26567381449368,22,1,0.0129791411743776,0
1,7.66502326080619,18,1,0.0506880863200995,0
0,5.96636048845541,20,1,0.704179204052602,1
0,3.74324708601001,17,1,0.999900325981023,1
0,4.7712713511666,25,1,0.037595781343603,0
0,5.40054446965442,22,1,0.354094601154942,1
0,6.72743597845121,19,1,0.655911740027203,1
0,6.26958320712288,23,1,0.0256015748328288,0
0,6.52067115066848,21,1,0.176340228382508,0
1,5.93316742916067,20,0,0.483422363873463,1
0,7.07242810439383,21,0,0.34414961327383,0
0,3.81851224541411,24,1,0.490744934515736,1
1,4.79973675885241,20,1,0.549964306983865,0
0,5.14531716497145,21,1,0.770186692428252,1
0,8.15142433576505,23,1,0.000609142699582852,0
0,4.48689210828762,24,1,0.202009137303512,0
0,4.85711444516233,25,1,0.0318537239644063,0
0,6.29199694015293,24,1,0.00680010509705259,0
1,7.84671495060682,18,1,0.0357972713323438,0
0,6.6511968959749,22,1,0.0430086212935683,0
0,6.37027848256075,25,1,0.00159297616353569,0
1,5.06325272022809,18,1,0.90665795050237,1
0,7.16539922455062,24,1,0.00119215663124954,0
0,4.13779203252805,22,1,0.872630059067142,1
1,6.50179042423123,17,1,0.667393374385595,1
0,4.55614960437654,19,1,0.993224885157071,1
1,5.90184553082304,21,1,0.035444780992655,0
1,4.19661111512655,20,0,0.967915687172942,1
1,6.35712775049585,20,1,0.0514533450303367,0
1,6.7102055514955,19,0,0.420575562170561,1
0,5.29917700690847,24,1,0.0475002887529304,0
0,3.60605104696438,18,1,0.999722079613584,1
0,4.9726243636882,18,1,0.995742265624703,1
0,4.57771143621396,24,0,0.609349126560805,0
0,6.60280657721637,19,0,0.947568260105805,1
0,6.02179512190964,23,1,0.0413445846774932,0
1,6.92783026499553,19,1,0.0597677596318521,0
1,6.48453651652993,21,1,0.01132813505181,0
1,5.17915564412746,24,1,0.00314650566502609,0
1,5.55124685758703,21,0,0.353773378490701,0
0,5.69622495330388,22,1,0.232821058291054,0
1,2.87647721879026,19,1,0.995260371201411,1
1,4.90667964282636,17,1,0.979898227358607,1
1,5.3167491697346,24,1,0.00239136113052045,0
1,7.25407889298942,21,1,0.00245258334886331,0
0,7.51929413710186,21,1,0.0282339954748765,0
1,6.04878332603077,17,1,0.832358204355746,1
0,4.62271450114352,24,1,0.1617276903676,0
1,5.73584148360689,23,1,0.00378965678158122,0
0,5.66132074719391,22,0,0.706274539667181,1
1,4.04532930619062,25,1,0.0082385470146965,0
1,4.45098957372616,20,0,0.947748513836995,1
0,9.19419641534239,19,0,0.0920888348529957,0
1,4.152173283956,20,1,0.816925305944918,0
0,4.47812745268245,21,1,0.927152179072253,1
1,6.79654749214427,23,1,0.000455756972689032,0
1,6.65529478642091,22,1,0.0022143278926864,0
0,5.95631476555984,19,1,0.899109627914569,1
1,7.38812493451664,22,1,0.000512216988393121,0
0,4.59032636352023,21,1,0.91046674653746,1
1,6.73548217895786,20,1,0.0248201919781462,0
0,5.64108194682113,18,1,0.983981079381644,1
1,4.92657846134638,21,1,0.205354732797686,0
1,6.63728669747537,22,1,0.00229534669849777,0
1,4.79550858057683,19,0,0.970942280363847,1
1,8.08331485885405,19,1,0.00626414255752269,0
0,4.88084167396594,22,1,0.607857849615606,1
1,5.52483275402735,25,1,0.000430701061250381,0
0,5.99176850299883,23,1,0.0437914683805103,0
0,2.90530998999938,18,1,0.999931552838102,1
0,7.97706552403564,19,1,0.13538859384361,0
1,5.19412724436618,17,1,0.964829560147947,1
0,5.37076242462344,21,1,0.681022581001847,1
1,4.79599074343515,17,0,0.997779984268251,1
1,5.62829670086673,24,1,0.00128386772834804,0
1,8.06413396942073,22,1,0.000132569898269218,0
1,6.85681572962014,18,0,0.6651586042726,1
0,7.56818724299572,18,1,0.565527313672814,0
1,5.96772146537461,17,1,0.853779482757863,0
1,4.82403644254916,17,1,0.982908371406813,1
0,5.4190692419425,17,1,0.997162135411461,1
0,6.16261130657317,19,1,0.855050780254686,1
0,7.49251876365214,24,1,0.000620082637651267,0
0,6.59151784812709,23,1,0.0136128369585208,0
0,8.62853029954721,20,1,0.0114634647877114,0
0,5.09614851772431,25,1,0.019990658086099,0
0,8.08515494281389,24,1,0.000189617907926307,0
0,7.75721953644878,20,1,0.0621266967446755,0
0,6.57136897684288,19,1,0.722573286436122,0
0,8.04310821198977,24,1,0.000206249760283446,0
1,3.73637079212721,24,0,0.294684155741778,0
0,4.07078075865899,23,1,0.681014615513634,1
0,5.27819768290417,24,1,0.049435117642243,0
1,4.23381358998322,19,1,0.932916201573366,1
0,5.89254573820548,18,1,0.973786269965507,1
1,5.53429304536152,19,1,0.507852831543295,1
0,4.32414626575349,19,1,0.995729341602598,1
1,7.2566881441583,22,1,0.000666118730690403,0
1,5.45340733025289,22,1,0.0239670901234385,0
0,7.01167916811614,24,1,0.0016205653387028,0
1,6.7504548622227,23,1,0.000499746496128768,0
0,5.48426180188792,23,1,0.112194013064117,0
0,3.97528847795576,22,1,0.90460075644971,1
1,5.28706971221884,23,1,0.00924724425814395,0
1,6.28243823705827,22,1,0.00465625592122075,0
1,7.18720546035892,18,1,0.121915899083966,0
1,8.01787930025981,23,0,0.000292791023317829,0
1,7.64856984915485,21,1,0.00111571922139609,0
0,6.98852198189834,23,1,0.00619964709628398,0
1,6.85693454624924,17,1,0.496532782452307,1
0,6.85018654813836,18,1,0.845486000116338,1
0,8.02276920923628,17,1,0.65801516439904,1
0,6.54159412690266,21,1,0.170344421346635,0
0,6.03646941198531,21,1,0.360558983468946,0
1,2.92418885546225,20,1,0.981139082264334,1
1,6.7098578378934,17,0,0.907230979212432,0
0,5.88679971262959,24,1,0.0151632758190132,0
1,6.47955975923933,17,1,0.677188363291791,1
1,4.12742880682378,22,1,0.258293397210734,1
1,7.23284488396434,19,0,0.203317121939055,0
1,3.89079038294045,18,0,0.998666240834685,1
0,4.15134677913921,24,1,0.331215302068882,1
0,3.14057249417334,25,1,0.504713613268862,1
0,6.13291531465494,24,1,0.00932367844399478,0
0,3.78877247229714,18,1,0.999599523556959,1
1,8.16783847146955,18,1,0.0191582642131979,0
1,6.84672616409597,18,1,0.215269041697956,0
1,7.99322115780789,20,1,0.00205290927162285,0
1,5.99076468920557,19,1,0.292860954400895,0
1,6.08376816661384,21,1,0.0249032996971794,0
0,7.85278654425245,25,1,8.22575524494466e-05,0
1,7.42476965195435,17,1,0.240573241133526,0
1,5.83901382661648,22,0,0.0774129501508007,0
1,5.21703106660407,24,1,0.00291762886053151,0
1,4.57501858990231,19,1,0.87544258767682,1
0,5.59531380915536,18,0,0.99799353510136,1
0,6.22768056455433,21,1,0.27780793475643,0
1,6.69005289605712,24,0,0.00113486531319962,0
1,7.17833404824608,20,1,0.0103879337637798,0
0,6.06077906760334,19,1,0.878514965967305,1
1,6.24023340665146,20,1,0.0641358514281915,1
0,5.34348461680241,17,1,0.997559309870876,1
0,7.41795188650937,20,1,0.115484494139809,0
0,5.75885230713836,23,1,0.0680076369033935,0
0,5.38715201259734,19,1,0.965299890397985,1
1,6.82305843119637,23,1,0.000432231519999801,0
0,5.64623821444915,20,0,0.970901081199104,1
0,7.03069043687207,23,1,0.00570108783099322,0
1,7.36718426658962,18,1,0.0883162909844292,0
0,6.60786829027012,18,1,0.898827433076182,1
0,8.05108510899787,24,1,0.000202986065392428,0
1,7.55035295913527,20,0,0.0355469800632874,0
1,6.89415129702867,21,1,0.00502494781894691,0
0,5.29726462045426,20,1,0.900739712245655,1
1,6.90077333066967,19,1,0.0628821527747921,0
0,3.14774741410464,24,0,0.964583041646058,1
0,4.75973870433723,23,0,0.799074917592225,1
0,5.81776122037147,22,1,0.192239682060524,0
0,6.47729536464856,20,1,0.46142910198442,0
1,6.07261548131687,25,1,0.000144046409888666,0
0,8.41005291841765,24,1,9.90184006312232e-05,0
0,7.60353567057632,20,1,0.0826350583249543,0
0,4.00650482667289,21,1,0.970315329897622,1
1,6.091592290196,19,0,0.714392781374731,0
1,6.81205042706687,20,1,0.0213713533631223,0
1,5.70882312655956,20,0,0.594440672393024,1
1,6.4565218398908,18,1,0.374480287428363,0
0,6.15886579498064,25,0,0.0176756842569886,0
1,3.65537535468576,25,1,0.0177973040687997,0
1,7.30194402136412,18,1,0.0994018845365075,0
1,7.55898578268056,17,0,0.641534015440261,1
0,4.14619390294305,21,1,0.961119734781196,1
0,4.49955953422914,21,1,0.924203553483759,1
0,6.25464319784654,23,1,0.0263576265943517,0
1,6.63574303175491,20,0,0.186716844710949,0
1,5.96080427785118,21,1,0.0316269265503533,0
1,6.21083488788508,17,1,0.782165409596022,1
1,6.13844933439388,22,1,0.00620054235378999,0
0,4.46994307306882,19,1,0.994291725458589,1
0,7.21475825521107,18,1,0.725215857028434,0
1,6.54856701935933,20,1,0.0356696395691715,0
1,5.34607530682245,21,0,0.452109606188977,0
0,5.65175377977194,18,1,0.983641155313041,1
1,7.21847441698872,18,1,0.115377786324507,0
1,6.04423065210582,19,0,0.733321166493753,0
1,6.31610652291067,20,1,0.055608063679009,0
1,7.48679508170675,23,1,0.000114641027572391,0
0,7.07562771139029,19,0,0.875309686204378,1
1,6.45247564380438,20,1,0.0429034805780675,0
0,5.50443630276276,17,0,0.999543345811648,1
1,7.76966586784474,20,1,0.00320660193492792,0
1,4.84879571853127,19,0,0.96777972410064,1
1,6.50567921813521,19,1,0.128828315808756,0
0,6.5354766170319,18,1,0.911254278998822,1
1,6.9228875126723,19,0,0.32174259772554,0
1,4.29011805251784,20,0,0.961571290909249,1
0,4.0019863734188,22,1,0.899892189203447,1
0,5.16019667358932,23,1,0.194599926569543,0
1,4.74076411624164,19,1,0.834584260023939,1
0,4.64059680442892,18,1,0.997803752493783,1
1,5.82832347248765,24,1,0.000860920634200214,0
0,6.18034212158221,17,0,0.998237601669945,1
0,3.90725435115052,22,1,0.915714230505013,1
0,7.26488887921224,20,0,0.567147464134491,1
1,7.36354795480508,18,1,0.0889036132188398,0
0,5.84939575271571,18,0,0.996669206939601,1
0,7.18412792882489,22,1,0.0152432802708951,0
1,8.68038073810724,18,1,0.00695882509655614,0
1,7.00953898862211,24,1,8.11542303977541e-05,0
0,5.75744337045465,20,1,0.783318909116178,0
0,5.33713193014496,17,1,0.997590049326193,1
0,6.92829986778353,21,1,0.0865426179515023,1
0,4.65415804729926,21,1,0.899500233186821,1
0,8.4633037230735,22,1,0.0011971574537281,0
1,6.07383097716637,22,1,0.00704993517161366,0
1,3.78905627354313,23,1,0.157345560550373,0
1,5.91571202859873,23,0,0.0192383447878701,0
1,7.16110634494848,24,1,5.99336389499336e-05,0
0,5.69101014297632,25,1,0.0061690621429446,0
1,4.85108553176369,19,1,0.801839147529752,0
0,5.6514513925185,22,1,0.249196395129531,1
1,4.14729294495775,24,1,0.0242548251077983,0
1,6.36754831131403,25,1,7.98647091478362e-05,0
0,5.79332654127889,24,1,0.0182234755455172,0
0,5.81664334929917,19,1,0.921775103247473,1
0,6.50211023934204,23,1,0.016234954691571,1
0,5.38398877946607,18,0,0.998684237679303,1
0,7.53647272343364,19,1,0.274293801623686,0
0,4.89970262718472,18,0,0.999500096148221,1
0,5.69957481973991,25,1,0.00606492543316521,0
1,3.99543268324303,20,1,0.859257254372099,0
0,5.83632164763088,19,1,0.918889742341643,1
0,7.15900022600388,21,1,0.056359180895975,0
0,6.92130607500602,24,0,0.0141664344131698,0
1,7.77513023774698,19,1,0.0115407807079114,0
1,6.19102350549651,21,1,0.0201924577491129,0
0,6.04468953006466,23,1,0.0395673696341322,0
0,7.7561758840813,21,0,0.117912153160823,0
1,5.52578024193043,24,1,0.00157557137021935,0
0,4.93274431468934,22,1,0.582856656219433,1
0,5.41830575731473,20,0,0.981355589701353,1
1,7.45555363263698,21,1,0.00164050834170146,0
1,6.27206795486784,19,1,0.190905696190688,0
0,6.75879619012358,22,1,0.0349725735645944,0
0,5.10809316333515,17,1,0.998474358771409,1
0,4.67596246363023,24,1,0.14780457289724,0
1,4.52482060255186,20,0,0.939933610016273,0
1,5.40427438857943,24,1,0.00200811479308074,0
0,7.12758909887436,19,1,0.461283112168876,1
0,6.91916500821834,18,1,0.826592854164125,1
1,6.28621319336899,24,1,0.000344722377235601,0
0,6.41239874262168,20,1,0.493800946343638,1
0,2.99872992145178,23,1,0.947971863200105,1
1,5.00663508396608,22,0,0.307194080864011,0
1,5.66562004269695,21,1,0.0556591815790785,0
1,7.52327109633911,21,0,0.0104925460533001,0
0,5.16103295482009,20,1,0.92258036730725,1
0,3.67226958763351,19,1,0.998836851411279,1
1,4.59627881791429,21,1,0.333464356143808,1
0,6.92878344974451,24,1,0.00191223805145886,0
0,3.64317184601763,22,1,0.948517402954645,1
1,7.36261956336901,19,1,0.0259513119048072,0
0,6.26353062735195,18,0,0.992407242710613,1
1,6.3655747667146,21,1,0.0143274131267595,0
1,7.34167541049492,17,1,0.272227413738463,0
0,8.98204211971145,24,0,0.00023303607159894,0
0,5.92296716439614,19,1,0.905000655050818,1
0,6.53482176265743,20,1,0.432994611142233,1
0,4.33698581646239,23,1,0.556267741109321,0
0,5.44554759326687,20,1,0.870896059347624,1
0,7.10494467867012,21,1,0.0623923236092753,0
1,3.65608282412536,20,1,0.923284549915989,1
0,4.73957984398723,22,1,0.672792032658502,0
1,8.14588242411559,22,1,0.000112576515347702,0
1,6.86574400057951,24,1,0.00010819274995455,0
1,6.46944903731934,17,1,0.681592925887429,1
0,5.36586156785055,18,1,0.99069888971081,1
0,7.85689693489789,22,1,0.0040146040505139,0
1,4.82447156270857,24,0,0.0452631237123467,0
1,3.27819819582913,20,0,0.994746553296914,1
0,7.19818267497152,24,1,0.00111658254628932,0
1,3.59627035125462,23,1,0.215423081030822,0
0,3.84213820106957,23,1,0.771310106636988,1
1,5.64073169258207,22,0,0.11091157981968,0
0,4.9230361616055,23,1,0.279675395079235,0
0,5.10810782749296,18,1,0.994424512012357,1
0,5.64690989965889,21,0,0.900803123743889,1
1,7.61695372392403,25,1,6.56397619169735e-06,0
1,5.77637215132342,24,1,0.000955094896901047,0
0,2.68958302192348,22,1,0.992004382580197,1
1,8.13281574968863,22,1,0.000115556951493484,0
0,7.26130778888981,19,1,0.395891035063312,1
1,6.02639970672421,24,1,0.000579480200892975,0
0,2.55318293026617,18,1,0.999966153263936,1
1,7.45315522586281,18,1,0.0754169762598759,0
0,4.93519157164066,24,0,0.432813036336603,1
0,8.2159150222734,17,1,0.566643576652752,0
0,7.10481258094301,23,0,0.035242461643185,0
1,6.70633818173439,20,1,0.0262707697265308,0
0,6.07284608940073,22,1,0.125023842445275,0
0,8.05926449720037,25,1,5.44306346031472e-05,0
0,4.12977509025005,19,1,0.997100894782423,1
0,5.16836580371284,23,0,0.637208445465327,1
0,6.11279510672194,18,0,0.994372294043967,1
0,6.60685453268814,19,0,0.947164573231885,1
1,6.54242867090168,23,1,0.00075740303769583,0
0,6.79026317773516,24,1,0.00252112345253589,0
0,6.36427286240431,24,1,0.00589027018204373,0
1,4.47085215810618,23,0,0.260821278844419,1
0,4.31749636145523,25,1,0.0882660463100648,0
0,5.58563708242386,25,1,0.00760531036796879,0
1,7.09961484250043,19,1,0.0431390408650427,0
1,6.07675421056529,24,1,0.00052399283295909,0
1,6.36406906762787,18,1,0.418693712371734,1
0,4.91243142405189,20,0,0.993139815725342,1
1,6.84959311270238,23,1,0.000409900459316877,0
1,4.82669674988953,18,1,0.939721411351906,1
1,3.35768238109048,21,1,0.856268280730962,1
0,7.74576548297002,22,0,0.035862872460244,0
1,5.87051388284925,19,0,0.795592608085392,1
0,4.28329048306955,23,1,0.58259104715432,1
0,6.63704166838512,20,1,0.383650229038629,0
1,5.82188654675583,25,1,0.000237816559863565,0
0,5.92940788816815,22,1,0.15992102893802,0
0,5.16186961630449,23,1,0.194076059079724,1
1,6.02650909260941,20,1,0.0950894402143927,0
0,5.64841367637549,21,0,0.900534054081199,1
0,5.38609784133873,19,1,0.965370442225942,1
1,3.22102204590483,20,1,0.966364398352559,1
0,6.12652519551447,22,0,0.486740511826978,1
0,5.5068728510802,21,0,0.923172559520402,1
1,6.56445077378701,24,1,0.0001976329174926,0
0,5.84963641697247,21,1,0.450345994851815,1
1,4.31133839113635,19,0,0.988763893886879,1
1,4.1183715588975,22,1,0.261778900208549,0
1,6.15323971092721,20,1,0.0754051949437573,0
1,5.07276650057872,25,1,0.00106306755096686,0
0,4.0364854905485,24,1,0.38391329371806,0
0,5.62104429480488,24,1,0.0255287788211665,0
1,4.84213002102279,21,1,0.234287094058604,1
1,5.10888021702223,18,1,0.898643241950115,1
0,5.91688802373976,23,1,0.0505089264246049,0
0,5.64944454743205,19,1,0.942735825807088,1
0,1.66492202739796,19,1,0.999978982958776,1
0,7.36665589115408,19,0,0.796844558317745,1
0,7.67832543724793,19,1,0.221550964255679,0
0,7.60972378715986,22,1,0.0065647949057917,0
0,3.52784679155362,22,1,0.958683791670486,1
0,5.42452073601055,23,1,0.124657913523848,0
1,7.60844409161051,20,1,0.00442130978253863,0
1,5.95498281505648,21,1,0.0319854616463268,0
0,7.13172501978163,25,1,0.000347829573439391,0
1,4.23414041481615,24,0,0.133740770218805,0
1,6.27951460175591,17,0,0.958551468152308,1
1,6.58380294534356,24,1,0.000190131230002182,0
0,7.5658003200487,22,1,0.00716326295103547,0
1,7.51082976472719,18,1,0.0677573919716017,0
1,6.24811063802511,23,1,0.00136365611998349,0
1,5.27304077672058,18,1,0.864586517408255,1
0,4.46014727394709,23,1,0.494926537158624,0
1,5.85314379313565,25,1,0.000223407964828664,0
0,7.33802081869565,22,1,0.0112503532084388,0
0,5.10613386426976,20,0,0.9899265975946,1
1,5.54571459876235,24,1,0.0015140843241755,0
1,5.80804706218758,19,1,0.37376601068324,1
1,6.5551437545297,18,1,0.329535314311662,1
1,4.06693911770099,24,1,0.0283635115916846,0
1,6.72621776109378,18,1,0.258757688035605,0
1,5.69392842167959,23,0,0.0296597221413202,0
0,6.28053734999795,22,1,0.0861895125262166,0
1,5.90673356170994,18,1,0.642569231762626,1
0,3.85346435081337,23,1,0.767289913428435,1
1,5.04670461124492,19,0,0.95287098957399,1
1,5.99754782487574,18,1,0.599865410570004,1
0,6.9105105800137,19,1,0.569295855194978,1
1,7.02158749692964,21,1,0.00389881961808439,0
1,4.66787740443933,21,1,0.302429622891964,1
0,5.51367703221941,21,1,0.616009822351305,1
0,5.03325635121194,22,1,0.533322358549598,1
0,5.12287922642935,24,1,0.0662509167059265,0
0,5.12076395253425,21,0,0.962976354982306,1
1,4.73427124606441,20,0,0.911449042313319,1
1,5.0060753875825,23,1,0.0161087816171849,0
1,7.27295473639523,24,1,4.79209684370427e-05,0
0,7.52598240345796,20,1,0.0951801193876657,0
1,7.78706634004366,19,1,0.0112716078589699,0
0,7.56355985457412,17,0,0.972691800917604,1
0,6.03503417712241,19,0,0.982534906606518,1
1,6.92463839323213,18,1,0.190112894235035,0
0,5.88111191058998,20,1,0.738420690429151,1
0,5.84807988372753,22,0,0.623361374790942,1
1,4.53647438553838,18,1,0.965345257390825,1
1,7.48183286564206,17,1,0.22034350248386,0
1,5.40266139100337,17,1,0.947582684703411,1
1,4.80313525190087,20,1,0.548281463646976,1
1,5.6048899872001,23,1,0.00491870097897715,0
0,6.34799082913194,25,1,0.00166546899639809,0
1,4.36595069590084,23,1,0.0556244327082575,0
0,8.01889127516232,24,1,0.0002164828871901,0
0,10.275728874433,21,1,0.000117206296011321,0
1,7.85989384495954,19,1,0.00975871706620082,0
0,7.8238132700728,25,0,0.000643704716263635,0
0,6.02692958533029,22,1,0.13542042256658,0
1,7.58871684998893,24,1,2.54840145104139e-05,0
0,5.24976527662487,24,1,0.0521767743862284,1
1,7.07304618920664,22,0,0.00706093107520151,0
1,6.49768842302599,22,1,0.00303236082160525,0
1,4.42483864637112,21,1,0.413460678938824,0
0,7.4511854609682,24,1,0.000673485134772863,0
0,4.93658443208535,21,1,0.835735073588214,1
0,5.42167569749227,24,1,0.0375665318915127,0
0,7.09805967669783,19,1,0.475988645407324,1
0,7.23663693287836,18,1,0.71641061733734,1
0,4.87887831380067,17,1,0.999034832605501,1
1,6.79593555160424,21,1,0.0061089595980798,0
1,5.86347332008023,23,1,0.00293840204417299,0
0,5.02010905735508,18,1,0.9953200731396,1
1,2.39705935863231,20,0,0.999094286391001,1
0,5.87176354565688,23,1,0.055016876170943,0
0,4.87872246114552,25,1,0.0305476098000111,0
0,6.01548874578702,22,1,0.13812186728606,0
1,6.29627314805989,21,1,0.0164224643511866,0
0,6.98132849551437,18,0,0.968851432086129,1
1,6.27328719782588,20,1,0.0602804072396687,0
0,5.1503462141086,18,0,0.999175004732118,1
0,6.32740616906139,23,0,0.147441249027792,0
1,5.45965453464602,19,1,0.545050228117048,0
0,5.75036926939006,25,1,0.00548227075591561,0
0,6.1725482344215,19,1,0.852570213780279,1
1,6.31782238747832,25,0,0.000651458771374578,0
0,7.69634354386031,19,1,0.21539834062195,0
0,4.77705871479951,21,1,0.874996983553487,1
0,7.73797054436211,20,1,0.0644080329191625,0
0,8.3867112180156,18,1,0.20206746313757,0
1,5.08488479902793,24,0,0.0273909483472517,0
0,5.36338990482983,20,0,0.983262430503484,1
1,4.87908875564041,19,0,0.965836029672717,1
1,6.88215242295265,21,1,0.00514636571529547,0
1,4.22068149127078,24,0,0.136890174763627,0
0,7.44031064432595,19,1,0.314185999582255,1
0,5.02283600719294,22,1,0.538505602320978,0
1,4.8808786584332,22,1,0.071640578255835,0
1,6.71500582676287,21,1,0.00717457259939086,0
0,5.35338255929448,23,0,0.548158960023592,1
0,6.37818808147495,22,1,0.071999295149188,0
1,8.26543583961599,23,1,2.41579790375898e-05,0
1,6.22242745315132,18,1,0.488788153179364,0
1,8.16610020103176,19,1,0.00531337557697317,0
0,6.3646680783674,19,1,0.797487386262241,1
0,7.73237363623211,17,1,0.774736601936224,1
0,7.0506595336199,21,0,0.354041969991713,0
1,6.51277199738359,24,1,0.000219148019834414,0
0,4.44455156280703,21,1,0.931559599815743,1
0,4.66191845893412,24,1,0.151377604284965,0
1,2.13902732051172,19,1,0.998911586736608,1
1,6.19335690487585,22,1,0.005559269360368,0
0,5.624102860466,23,1,0.0872084970018997,0
1,6.54272383726472,19,1,0.120739309601582,0
1,5.89866355789388,24,1,0.000748024056243508,0
0,6.8839295292189,19,1,0.58228020953706,1
0,6.19628515173842,18,1,0.952908649327303,0
1,4.91041718627857,24,1,0.00537378568818885,0
1,8.38272955984767,20,1,0.000943039296946355,0
0,4.42729630088676,20,1,0.981023730010508,1
0,6.4906224729195,23,1,0.0166060135867512,0
1,4.59691678562282,17,1,0.989079861543539,1
1,6.01714932157996,20,0,0.441691835189606,0
0,5.8748567725506,17,1,0.992968413196703,1
1,5.34990980786812,23,1,0.00816403166355514,0
1,7.45612633197947,23,1,0.000121892071640116,0
0,5.0600899649609,23,1,0.227904787799219,0
1,6.01246729590721,19,0,0.745559022308637,1
0,5.18283535952898,24,1,0.0592077040400553,0
1,5.34422351546264,17,1,0.953093330902903,1
1,5.88822853349768,18,1,0.651023903908258,1
1,5.73573009079519,18,1,0.716778952428552,0
0,9.96459207115898,19,0,0.0212652965946916,0
0,4.71745770101701,19,0,0.998726973872264,1
1,7.52532974607766,21,1,0.00142713313941462,0
1,6.41501166070849,19,0,0.567087179582629,1
1,5.31447126049057,19,1,0.615634016933755,1
1,6.36902057594982,23,1,0.00107105323900939,0
